{
    "name": "music",
    "children": [
        {
            "name": "crunk",
            "children": [
                {
                    "name": "160-170",
                    "children": [
                        {
                            "name": "Top Back Remix (feat. Young Jeezy, Young Dro, Big Kuntry King, B.G.)-T.I.",
                            "bpm": "160",
                            "type": "song"
                        }
                    ],
                    "type": "bpmRange"
                }
            ],
            "type": "genre"
        },
        {
            "name": "dirty south rap",
            "children": [
                {
                    "name": "80-90",
                    "children": [
                        {
                            "name": "The Boss-Rick Ross",
                            "bpm": "86",
                            "type": "song"
                        }
                    ],
                    "type": "bpmRange"
                }
            ],
            "type": "genre"
        }
    ]
}