{"children": [{"type": "genre", "children": [{"type": "bpmRange", "children": [{"bpm": "202", "type": "song", "name": "Story of My Life-Social Distortion"}], "name": "200-210"}, {"type": "bpmRange", "children": [{"bpm": "130", "type": "song", "name": "Rock the Casbah - Remastered-The Clash"}, {"bpm": "134", "type": "song", "name": "London Calling - Remastered-The Clash"}, {"bpm": "135", "type": "song", "name": "Ball and Chain-Social Distortion"}], "name": "130-140"}, {"type": "bpmRange", "children": [{"bpm": "122", "type": "song", "name": "I Was Wrong-Social Distortion"}], "name": "120-130"}, {"type": "bpmRange", "children": [{"bpm": "163", "type": "song", "name": "I Wanna Be Sedated - Remastered-Ramones"}], "name": "160-170"}, {"type": "bpmRange", "children": [{"bpm": "176", "type": "song", "name": "Blitzkrieg Bop - Remastered Version-Ramones"}, {"bpm": "174", "type": "song", "name": "My Brain is Hanging Upside Down-Ramones"}], "name": "170-180"}], "name": "punk"}, {"type": "genre", "children": [{"type": "bpmRange", "children": [{"bpm": "174", "type": "song", "name": "Empire State Of Mind-JAY Z"}], "name": "170-180"}], "name": "hip hop"}, {"type": "genre", "children": [{"type": "bpmRange", "children": [{"bpm": "93", "type": "song", "name": "Empire State of Mind, Pt. II (Broken Down)-Alicia Keys"}], "name": "90-100"}], "name": "r&b"}, {"type": "genre", "children": [{"type": "bpmRange", "children": [{"bpm": "120", "type": "song", "name": "Fly Me To The Moon - Remastered 2008-Frank Sinatra"}], "name": "120-130"}, {"type": "bpmRange", "children": [{"bpm": "112", "type": "song", "name": "This Town-Frank Sinatra"}], "name": "110-120"}, {"type": "bpmRange", "children": [{"bpm": "104", "type": "song", "name": "Theme from New York, New York-Frank Sinatra"}], "name": "100-110"}], "name": "christmas"}, {"type": "genre", "children": [{"type": "bpmRange", "children": [{"bpm": "120", "type": "song", "name": "Come As You Are-Nirvana"}], "name": "120-130"}, {"type": "bpmRange", "children": [{"bpm": "117", "type": "song", "name": "Smells Like Teen Spirit-Nirvana"}], "name": "110-120"}], "name": "grunge"}, {"type": "genre", "children": [{"type": "bpmRange", "children": [{"bpm": "68", "type": "song", "name": "My Edward and I-Dario Marianelli"}], "name": "60-70"}, {"type": "bpmRange", "children": [{"bpm": "106", "type": "song", "name": "Rabbia e Tarantella-Ennio Morricone"}], "name": "100-110"}], "name": "soundtrack"}, {"type": "genre", "children": [{"type": "bpmRange", "children": [{"bpm": "133", "type": "song", "name": "Highway 51 Blues-Bob Dylan"}, {"bpm": "138", "type": "song", "name": "Gospel Plow-Bob Dylan"}, {"bpm": "134", "type": "song", "name": "Baby, Let Me Follow You Down-Bob Dylan"}, {"bpm": "132", "type": "song", "name": "Freight Train Blues-Bob Dylan"}, {"bpm": "138", "type": "song", "name": "Down the Highway-Bob Dylan"}, {"bpm": "133", "type": "song", "name": "I Don't Believe You (She Acts Like We Never Have Met)-Bob Dylan"}, {"bpm": "137", "type": "song", "name": "Simple Twist of Fate-Bob Dylan"}, {"bpm": "136", "type": "song", "name": "Hurricane-Bob Dylan"}, {"bpm": "139", "type": "song", "name": "One More Cup of Coffee-Bob Dylan"}], "name": "130-140"}, {"type": "bpmRange", "children": [{"bpm": "91", "type": "song", "name": "Rake And Rambling Boy-Joan Baez"}, {"bpm": "93", "type": "song", "name": "Henry Martin-Joan Baez"}, {"bpm": "96", "type": "song", "name": "House of the Risin' Sun-Bob Dylan"}, {"bpm": "96", "type": "song", "name": "Song to Woody-Bob Dylan"}, {"bpm": "92", "type": "song", "name": "A Hard Rain's A-Gonna Fall-Bob Dylan"}, {"bpm": "95", "type": "song", "name": "Corrina, Corrina-Bob Dylan"}, {"bpm": "95", "type": "song", "name": "Like a Rolling Stone-Bob Dylan"}, {"bpm": "93", "type": "song", "name": "It Takes a Lot to Laugh, It Takes a Train to Cry-Bob Dylan"}, {"bpm": "92", "type": "song", "name": "Dink's Song-Bob Dylan"}, {"bpm": "95", "type": "song", "name": "I Was Young When I Left Home-Bob Dylan"}, {"bpm": "95", "type": "song", "name": "Rainy Day Women #12 & 35-Bob Dylan"}, {"bpm": "93", "type": "song", "name": "Visions of Johanna-Bob Dylan"}, {"bpm": "96", "type": "song", "name": "One of Us Must Know (Sooner or Later)-Bob Dylan"}], "name": "90-100"}, {"type": "bpmRange", "children": [{"bpm": "190", "type": "song", "name": "The Times They Are A-Changin' - Live-Bob Dylan"}], "name": "190-200"}, {"type": "bpmRange", "children": [{"bpm": "166", "type": "song", "name": "Masters of War-Bob Dylan"}], "name": "160-170"}, {"type": "bpmRange", "children": [{"bpm": "84", "type": "song", "name": "Boots Of Spanish Leather-Joan Baez"}, {"bpm": "84", "type": "song", "name": "House Of The Rising Sun-Joan Baez"}, {"bpm": "86", "type": "song", "name": "Girl Of Constant Sorrow-Joan Baez"}, {"bpm": "83", "type": "song", "name": "North Country Blues-Bob Dylan"}, {"bpm": "86", "type": "song", "name": "Only a Pawn in Their Game-Bob Dylan"}, {"bpm": "87", "type": "song", "name": "Dark Eyes - Remastered-Bob Dylan"}], "name": "80-90"}, {"type": "bpmRange", "children": [{"bpm": "147", "type": "song", "name": "Little Moses-Joan Baez"}, {"bpm": "145", "type": "song", "name": "The Man in Me-Bob Dylan"}, {"bpm": "145", "type": "song", "name": "Meet Me in the Morning-Bob Dylan"}, {"bpm": "148", "type": "song", "name": "Isis-Bob Dylan"}, {"bpm": "144", "type": "song", "name": "This Land Is Your Land - Live Version-Bob Dylan"}, {"bpm": "148", "type": "song", "name": "With God on Our Side - Live-Bob Dylan"}, {"bpm": "143", "type": "song", "name": "If You Gotta Go, Go Now (Or Else You Got to Stay All Night) - Live-Bob Dylan"}], "name": "140-150"}, {"type": "bpmRange", "children": [{"bpm": "180", "type": "song", "name": "Day of the Locusts-Bob Dylan"}, {"bpm": "182", "type": "song", "name": "All I Really Want to Do - Live-Bob Dylan"}], "name": "180-190"}, {"type": "bpmRange", "children": [{"bpm": "101", "type": "song", "name": "Boots of Spanish Leather-Bob Dylan"}, {"bpm": "107", "type": "song", "name": "Daddy, You Been On My Mind-Joan Baez"}, {"bpm": "105", "type": "song", "name": "Don't Think Twice, It's All Right-Joan Baez"}, {"bpm": "109", "type": "song", "name": "Man of Constant Sorrow-Bob Dylan"}, {"bpm": "108", "type": "song", "name": "See That My Grave Is Kept Clean-Bob Dylan"}, {"bpm": "102", "type": "song", "name": "Girl from the North Country-Bob Dylan"}, {"bpm": "107", "type": "song", "name": "Oxford Town-Bob Dylan"}, {"bpm": "101", "type": "song", "name": "I Shall Be Free-Bob Dylan"}, {"bpm": "104", "type": "song", "name": "One Too Many Mornings-Bob Dylan"}, {"bpm": "102", "type": "song", "name": "Restless Farewell-Bob Dylan"}, {"bpm": "100", "type": "song", "name": "Just Like Tom Thumb's Blues-Bob Dylan"}, {"bpm": "109", "type": "song", "name": "Desolation Row-Bob Dylan"}, {"bpm": "106", "type": "song", "name": "It Ain't Me Babe-Bob Dylan"}, {"bpm": "101", "type": "song", "name": "Tangled up in Blue-Bob Dylan"}, {"bpm": "103", "type": "song", "name": "If You See Her, Say Hello-Bob Dylan"}, {"bpm": "107", "type": "song", "name": "Shelter from the Storm-Bob Dylan"}, {"bpm": "106", "type": "song", "name": "Don't Think Twice, It's All Right - Demo-Bob Dylan"}, {"bpm": "108", "type": "song", "name": "Man of Constant Sorrow - Live Version-Bob Dylan"}, {"bpm": "105", "type": "song", "name": "Don't Think Twice, It's All Right - Live-Bob Dylan"}, {"bpm": "104", "type": "song", "name": "Pledging My Time-Bob Dylan"}, {"bpm": "100", "type": "song", "name": "I Want You-Bob Dylan"}, {"bpm": "104", "type": "song", "name": "Talkin' World War III Blues - Live-Bob Dylan"}, {"bpm": "104", "type": "song", "name": "Like a Rolling Stone - Remastered-Bob Dylan"}, {"bpm": "105", "type": "song", "name": "Mama, You Been on My Mind - Live-Bob Dylan"}, {"bpm": "108", "type": "song", "name": "It Ain't Me, Babe - Live-Bob Dylan"}], "name": "100-110"}, {"type": "bpmRange", "children": [{"bpm": "156", "type": "song", "name": "Lay, Lady, Lay-Bob Dylan"}, {"bpm": "157", "type": "song", "name": "Idiot Wind-Bob Dylan"}], "name": "150-160"}, {"type": "bpmRange", "children": [{"bpm": "175", "type": "song", "name": "Blowin' In the Wind-Bob Dylan"}, {"bpm": "172", "type": "song", "name": "The Times They Are A-Changin'-Bob Dylan"}, {"bpm": "179", "type": "song", "name": "All I Really Want to Do-Bob Dylan"}, {"bpm": "174", "type": "song", "name": "Buckets of Rain-Bob Dylan"}, {"bpm": "176", "type": "song", "name": "Like a Rolling Stone - Live Version-Bob Dylan"}, {"bpm": "178", "type": "song", "name": "Mr. Tambourine Man-Bob Dylan"}, {"bpm": "174", "type": "song", "name": "Boots of Spanish Leather - Live-Bob Dylan"}, {"bpm": "172", "type": "song", "name": "Sad-Eyed Lady of the Lowlands-Bob Dylan"}, {"bpm": "170", "type": "song", "name": "A Hard Rain's A-Gonna Fall - Live-Bob Dylan"}], "name": "170-180"}, {"type": "bpmRange", "children": [{"bpm": "77", "type": "song", "name": "One Too Many Mornings-Joan Baez"}, {"bpm": "73", "type": "song", "name": "Highway 61 Revisited-Bob Dylan"}, {"bpm": "75", "type": "song", "name": "You're a Big Girl Now-Bob Dylan"}], "name": "70-80"}, {"type": "bpmRange", "children": [{"bpm": "124", "type": "song", "name": "Talkin' New York-Bob Dylan"}, {"bpm": "127", "type": "song", "name": "Restless Farewell-Joan Baez"}, {"bpm": "128", "type": "song", "name": "East Virginia-Joan Baez"}, {"bpm": "129", "type": "song", "name": "Mary Hamilton-Joan Baez"}, {"bpm": "123", "type": "song", "name": "Wildwood Flower-Joan Baez"}, {"bpm": "121", "type": "song", "name": "The Wild Mountain Thyme-Joan Baez"}, {"bpm": "123", "type": "song", "name": "Sagt Mir Wo Die Blumen Sind-Joan Baez"}, {"bpm": "123", "type": "song", "name": "You're No Good-Bob Dylan"}, {"bpm": "126", "type": "song", "name": "In My Time of Dyin'-Bob Dylan"}, {"bpm": "127", "type": "song", "name": "Fixin' to Die-Bob Dylan"}, {"bpm": "126", "type": "song", "name": "Pretty Peggy-O-Bob Dylan"}, {"bpm": "125", "type": "song", "name": "Bob Dylan's Blues-Bob Dylan"}, {"bpm": "124", "type": "song", "name": "Tombstone Blues-Bob Dylan"}, {"bpm": "125", "type": "song", "name": "Ballad in Plain D-Bob Dylan"}, {"bpm": "126", "type": "song", "name": "Lily, Rosemary and the Jack of Hearts-Bob Dylan"}, {"bpm": "128", "type": "song", "name": "Mozambique-Bob Dylan"}, {"bpm": "123", "type": "song", "name": "Oh, Sister-Bob Dylan"}, {"bpm": "120", "type": "song", "name": "Spanish Harlem Incident - Live-Bob Dylan"}, {"bpm": "128", "type": "song", "name": "Don't Think Twice, It's All Right - Remastered-Bob Dylan"}, {"bpm": "129", "type": "song", "name": "Silver Dagger - Live-Bob Dylan"}], "name": "120-130"}, {"type": "bpmRange", "children": [{"bpm": "117", "type": "song", "name": "Fare Thee Well-Joan Baez"}, {"bpm": "119", "type": "song", "name": "Girl from the North Country-Bob Dylan"}, {"bpm": "111", "type": "song", "name": "Don't Think Twice, It's All Right-Bob Dylan"}, {"bpm": "110", "type": "song", "name": "Bob Dylan's Dream-Bob Dylan"}, {"bpm": "116", "type": "song", "name": "Talkin' World War III Blues-Bob Dylan"}, {"bpm": "119", "type": "song", "name": "Honey, Just Allow Me One More Chance-Bob Dylan"}, {"bpm": "111", "type": "song", "name": "Ballad of Hollis Brown-Bob Dylan"}, {"bpm": "116", "type": "song", "name": "With God on Our Side-Bob Dylan"}, {"bpm": "115", "type": "song", "name": "When the Ship Comes In-Bob Dylan"}, {"bpm": "115", "type": "song", "name": "Black Crow Blues-Bob Dylan"}, {"bpm": "110", "type": "song", "name": "Spanish Harlem Incident-Bob Dylan"}, {"bpm": "110", "type": "song", "name": "You're Gonna Make Me Lonesome When You Go-Bob Dylan"}, {"bpm": "117", "type": "song", "name": "Joey-Bob Dylan"}, {"bpm": "114", "type": "song", "name": "When the Ship Comes In - Live Version-Bob Dylan"}, {"bpm": "112", "type": "song", "name": "Most Likely You Go Your Way (And I'll Go Mine)-Bob Dylan"}, {"bpm": "117", "type": "song", "name": "Rambling, Gambling Willie-Bob Dylan"}, {"bpm": "116", "type": "song", "name": "It's Alright, Ma (I'm Only Bleeding)-Bob Dylan"}], "name": "110-120"}], "name": "folk"}, {"type": "genre", "children": [{"type": "bpmRange", "children": [{"bpm": "105", "type": "song", "name": "My Girl-The Temptations"}], "name": "100-110"}], "name": "soul"}, {"type": "genre", "children": [{"type": "bpmRange", "children": [{"bpm": "79", "type": "song", "name": "Confrontation-Michael Brook"}], "name": "70-80"}, {"type": "bpmRange", "children": [{"bpm": "0", "type": "song", "name": "Mourning-Michael Brook"}], "name": "0-10"}], "name": "ambient"}, {"type": "genre", "children": [{"type": "bpmRange", "children": [{"bpm": "135", "type": "song", "name": "Scalliwag-Gaelic Storm"}, {"bpm": "131", "type": "song", "name": "The Sick Note-The Dubliners"}, {"bpm": "137", "type": "song", "name": "Tell Me Ma-Gaelic Storm"}], "name": "130-140"}, {"type": "bpmRange", "children": [{"bpm": "144", "type": "song", "name": "The Devil Down Below-Gaelic Storm"}, {"bpm": "149", "type": "song", "name": "Never Drink 'Em Dry (Johnny Tarr's Funeral)-Gaelic Storm"}, {"bpm": "143", "type": "song", "name": "Darcy's Donkey-Gaelic Storm"}], "name": "140-150"}, {"type": "bpmRange", "children": [{"bpm": "118", "type": "song", "name": "Seven Drunken Nights-The Dubliners"}, {"bpm": "118", "type": "song", "name": "Rambling Rover-The Dubliners"}], "name": "110-120"}], "name": "celtic"}, {"type": "genre", "children": [{"type": "bpmRange", "children": [{"bpm": "156", "type": "song", "name": "Who Are You-The Who"}, {"bpm": "156", "type": "song", "name": "Don't Stop Me Now - Remastered 2011-Queen"}], "name": "150-160"}, {"type": "bpmRange", "children": [{"bpm": "134", "type": "song", "name": "Surrender-Cheap Trick"}, {"bpm": "135", "type": "song", "name": "Won't Get Fooled Again - Original Album Version-The Who"}, {"bpm": "139", "type": "song", "name": "I Can't Explain - Original Mono Version-The Who"}, {"bpm": "135", "type": "song", "name": "Substitute - Single Version-The Who"}, {"bpm": "132", "type": "song", "name": "Knockin' On Heaven's Door-Guns N' Roses"}, {"bpm": "135", "type": "song", "name": "Mony Mony-Billy Idol"}], "name": "130-140"}, {"type": "bpmRange", "children": [{"bpm": "98", "type": "song", "name": "Sweet Home Alabama-Lynyrd Skynyrd"}, {"bpm": "91", "type": "song", "name": "Here I Go Again - 20th Anniversary Remaster-Whitesnake"}, {"bpm": "96", "type": "song", "name": "My Generation - Original Mono Version-The Who"}, {"bpm": "96", "type": "song", "name": "We Are The Champions-Queen"}], "name": "90-100"}, {"type": "bpmRange", "children": [{"bpm": "78", "type": "song", "name": "November Rain-Guns N' Roses"}], "name": "70-80"}, {"type": "bpmRange", "children": [{"bpm": "89", "type": "song", "name": "Fat Bottomed Girls-Queen"}, {"bpm": "81", "type": "song", "name": "We Will Rock You - Remastered 2011-Queen"}, {"bpm": "81", "type": "song", "name": "The Boys Are Back In Town-Thin Lizzy"}], "name": "80-90"}, {"type": "bpmRange", "children": [{"bpm": "140", "type": "song", "name": "Substitute-The Who"}, {"bpm": "141", "type": "song", "name": "(Don't Fear) The Reaper-Blue \u00d6yster Cult"}, {"bpm": "145", "type": "song", "name": "Live And Let Die-Guns N' Roses"}], "name": "140-150"}, {"type": "bpmRange", "children": [{"bpm": "123", "type": "song", "name": "Welcome To The Jungle-Guns N' Roses"}, {"bpm": "127", "type": "song", "name": "Behind Blue Eyes-The Who"}, {"bpm": "123", "type": "song", "name": "Pinball Wizard-The Who"}, {"bpm": "125", "type": "song", "name": "Sweet Child O' Mine-Guns N' Roses"}], "name": "120-130"}, {"type": "bpmRange", "children": [{"bpm": "188", "type": "song", "name": "Back in Black-AC/DC"}], "name": "180-190"}, {"type": "bpmRange", "children": [{"bpm": "117", "type": "song", "name": "Baba O'Riley-The Who"}, {"bpm": "117", "type": "song", "name": "Black Betty-Ram Jam"}, {"bpm": "110", "type": "song", "name": "Another One Bites The Dust-Queen"}, {"bpm": "113", "type": "song", "name": "Under Pressure - Remastered 2011-Queen"}], "name": "110-120"}, {"type": "bpmRange", "children": [{"bpm": "100", "type": "song", "name": "Paradise City-Guns N' Roses"}], "name": "100-110"}], "name": "rock"}], "name": "music"}