{"name": "music", "children": [{"type": "genre", "name": "r&b", "children": [{"type": "bpmRange", "name": "160-170", "children": [{"type": "song", "name": "Countdown-Beyonc\u00e9", "bpm": "167"}]}, {"type": "bpmRange", "name": "120-130", "children": [{"type": "song", "name": "Blurred Lines-Robin Thicke", "bpm": "120"}]}]}, {"type": "genre", "name": "celtic", "children": [{"type": "bpmRange", "name": "90-100", "children": [{"type": "song", "name": "Fair And Tender Ladies-Danu", "bpm": "94"}]}, {"type": "bpmRange", "name": "150-160", "children": [{"type": "song", "name": "An Irish Party in Third Class (includes \"John Ryan's Polka\" and \"Blarney Pilgrim\")-Gaelic Storm", "bpm": "152"}]}, {"type": "bpmRange", "name": "80-90", "children": [{"type": "song", "name": "Pop Plinn-Alan Stivell", "bpm": "87"}]}]}, {"type": "genre", "name": "soundtrack", "children": [{"type": "bpmRange", "name": "130-140", "children": [{"type": "song", "name": "Rose-James Horner", "bpm": "138"}]}, {"type": "bpmRange", "name": "60-70", "children": [{"type": "song", "name": "My Edward and I-Dario Marianelli", "bpm": "68"}]}]}, {"type": "genre", "name": "movie tunes", "children": [{"type": "bpmRange", "name": "170-180", "children": [{"type": "song", "name": "Beauty and the Beast - From \"Beauty and the Beast\"/Soundtrack Version-Angela Lansbury", "bpm": "172"}]}]}, {"type": "genre", "name": "folk", "children": [{"type": "bpmRange", "name": "100-110", "children": [{"type": "song", "name": "Restless Farewell-Bob Dylan", "bpm": "102"}, {"type": "song", "name": "Don't Think Twice, It's All Right-Peter, Paul and Mary", "bpm": "105"}, {"type": "song", "name": "Nevermind-Leonard Cohen", "bpm": "108"}]}, {"type": "bpmRange", "name": "90-100", "children": [{"type": "song", "name": "Lungs-Townes Van Zandt", "bpm": "97"}]}, {"type": "bpmRange", "name": "130-140", "children": [{"type": "song", "name": "House Carpenter-Bob Dylan", "bpm": "137"}, {"type": "song", "name": "Meet Me In The Alleyway-Steve Earle", "bpm": "136"}]}, {"type": "bpmRange", "name": "170-180", "children": [{"type": "song", "name": "Boots of Spanish Leather - Live-Bob Dylan", "bpm": "174"}]}, {"type": "bpmRange", "name": "80-90", "children": [{"type": "song", "name": "Dark Eyes - Remastered-Bob Dylan", "bpm": "87"}]}]}, {"type": "genre", "name": "christmas", "children": [{"type": "bpmRange", "name": "100-110", "children": [{"type": "song", "name": "Theme from New York, New York-Frank Sinatra", "bpm": "108"}, {"type": "song", "name": "My Funny Valentine-Frank Sinatra", "bpm": "101"}, {"type": "song", "name": "That's Life-Frank Sinatra", "bpm": "109"}]}, {"type": "bpmRange", "name": "140-150", "children": [{"type": "song", "name": "I Get A Kick Out Of You - 1998 Digital Remaster-Frank Sinatra", "bpm": "144"}]}, {"type": "bpmRange", "name": "120-130", "children": [{"type": "song", "name": "Fly Me To The Moon - Remastered 2008-Frank Sinatra", "bpm": "120"}]}, {"type": "bpmRange", "name": "130-140", "children": [{"type": "song", "name": "The Way You Look Tonight-Frank Sinatra", "bpm": "133"}]}, {"type": "bpmRange", "name": "60-70", "children": [{"type": "song", "name": "Come Fly With Me - 1998 Digital Remaster-Frank Sinatra", "bpm": "67"}]}]}, {"type": "genre", "name": "rock", "children": [{"type": "bpmRange", "name": "110-120", "children": [{"type": "song", "name": "Black Betty-Ram Jam", "bpm": "117"}]}]}, {"type": "genre", "name": "pop", "children": [{"type": "bpmRange", "name": "160-170", "children": [{"type": "song", "name": "Countdown-Beyonc\u00e9", "bpm": "167"}]}, {"type": "bpmRange", "name": "130-140", "children": [{"type": "song", "name": "A Little Party Never Killed Nobody (All We Got)-Fergie", "bpm": "130"}]}, {"type": "bpmRange", "name": "120-130", "children": [{"type": "song", "name": "Domino-Jessie J", "bpm": "127"}, {"type": "song", "name": "Work B**ch-Britney Spears", "bpm": "128"}]}, {"type": "bpmRange", "name": "150-160", "children": [{"type": "song", "name": "Bang Bang-Jessie J", "bpm": "150"}]}]}]}